path,subject,phase_bin,n_events,raw_spikes_per_touch,context_residual,kinematic_residual
sub-anm106211/sub-anm106211_ses-20100925_behavior+icephys.nwb,anm106211,0,27,0.25925925925925924,-0.3106674386395237,-0.17465675279633405
sub-anm106211/sub-anm106211_ses-20100925_behavior+icephys.nwb,anm106211,1,34,0.29411764705882354,-0.3056080739488978,-0.22094825304378807
sub-anm106211/sub-anm106211_ses-20100925_behavior+icephys.nwb,anm106211,2,56,0.9642857142857143,0.18201548614040663,0.11450473125790005
sub-anm106211/sub-anm106211_ses-20100925_behavior+icephys.nwb,anm106211,3,105,1.5809523809523809,0.5108206809517132,0.28748863568347943
sub-anm106211/sub-anm106211_ses-20100925_behavior+icephys.nwb,anm106211,4,114,1.8596491228070176,0.757579804126267,0.4872701868430195
sub-anm106211/sub-anm106211_ses-20100925_behavior+icephys.nwb,anm106211,5,68,1.411764705882353,0.37202966308716057,0.1709822208159
sub-anm106211/sub-anm106211_ses-20100925_behavior+icephys.nwb,anm106211,6,7,0.5714285714285714,-0.18954034716920323,-0.17164542057643997
sub-anm106211/sub-anm106211_ses-20100925_behavior+icephys.nwb,anm106211,7,8,0.0,-0.7084424323056524,-0.4249787739622499
sub-anm106211/sub-anm106211_ses-20100925_behavior+icephys.nwb,anm106211,8,32,0.03125,-0.7533644657671575,-0.3823818772737384
sub-anm106211/sub-anm106211_ses-20100925_behavior+icephys.nwb,anm106211,9,82,0.024390243902439025,-0.7615767104544288,-0.4156958459777378
sub-anm106211/sub-anm106211_ses-20100925_behavior+icephys.nwb,anm106211,10,63,0.0,-0.727745830582199,-0.44788646954604083
sub-anm106211/sub-anm106211_ses-20100925_behavior+icephys.nwb,anm106211,11,30,0.0,-0.5979011104764205,-0.3809965694624559
sub-anm106213/sub-anm106213_ses-20101215_obj-1copi4i_behavior+icephys.nwb,anm106213,0,11,0.0,-0.09390810475438531,-0.09100071862081979
sub-anm106213/sub-anm106213_ses-20101215_obj-1copi4i_behavior+icephys.nwb,anm106213,1,22,0.0,-0.07845836743627599,-0.07661588004402485
sub-anm106213/sub-anm106213_ses-20101215_obj-1copi4i_behavior+icephys.nwb,anm106213,2,77,0.012987012987012988,0.05011946736687673,0.05129753747606511
sub-anm106213/sub-anm106213_ses-20101215_obj-1copi4i_behavior+icephys.nwb,anm106213,3,158,0.006329113924050633,-0.013318103961334041,-0.012676386602267442
sub-anm106213/sub-anm106213_ses-20101215_obj-1copi4i_behavior+icephys.nwb,anm106213,4,267,0.00749063670411985,-0.0012603299027296086,-0.0015179004420715484
sub-anm106213/sub-anm106213_ses-20101215_obj-1copi4i_behavior+icephys.nwb,anm106213,5,128,0.015625,0.07687647562799527,0.0750986811621474
sub-anm106213/sub-anm106213_ses-20101215_obj-1copi4i_behavior+icephys.nwb,anm106213,6,11,0.0,-0.07519312131555601,-0.07575433543752608
sub-anm106213/sub-anm106213_ses-20101215_obj-1copi4i_behavior+icephys.nwb,anm106213,7,11,0.0,-0.06911191887788576,-0.06846219283828155
sub-anm106213/sub-anm106213_ses-20101215_obj-1copi4i_behavior+icephys.nwb,anm106213,8,22,0.0,-0.06880058696950644,-0.06789298533273846
sub-anm106213/sub-anm106213_ses-20101215_obj-1copi4i_behavior+icephys.nwb,anm106213,9,37,0.0,-0.0674334988240586,-0.06655179863540976
sub-anm106213/sub-anm106213_ses-20101215_obj-1copi4i_behavior+icephys.nwb,anm106213,10,23,0.0,-0.07755933563537894,-0.07686273980619567
sub-anm106213/sub-anm106213_ses-20101215_obj-1copi4i_behavior+icephys.nwb,anm106213,11,15,0.0,-0.07110412737652708,-0.07012635446553331
sub-anm106213/sub-anm106213_ses-20101215_obj-1ykz3wz_behavior+icephys.nwb,anm106213,0,5,0.0,-0.1636397100618154,-0.13720079029808757
sub-anm106213/sub-anm106213_ses-20101215_obj-1ykz3wz_behavior+icephys.nwb,anm106213,1,10,0.1,0.07041636560971692,0.09916577970925113
sub-anm106213/sub-anm106213_ses-20101215_obj-1ykz3wz_behavior+icephys.nwb,anm106213,2,13,0.23076923076923078,0.40354758061029056,0.4209988053780828
sub-anm106213/sub-anm106213_ses-20101215_obj-1ykz3wz_behavior+icephys.nwb,anm106213,3,72,0.041666666666666664,-0.06712791690674888,-0.05578227890504449
sub-anm106213/sub-anm106213_ses-20101215_obj-1ykz3wz_behavior+icephys.nwb,anm106213,4,135,0.05925925925925926,-0.03140622097329742,-0.028407978053818866
sub-anm106213/sub-anm106213_ses-20101215_obj-1ykz3wz_behavior+icephys.nwb,anm106213,5,82,0.13414634146341464,0.1482871125192649,0.1293444857200872
sub-anm106213/sub-anm106213_ses-20101215_obj-1ykz3wz_behavior+icephys.nwb,anm106213,6,9,0.0,-0.19274662053265657,-0.24466940674239396
sub-anm106213/sub-anm106213_ses-20101215_obj-1ykz3wz_behavior+icephys.nwb,anm106213,7,1,0.0,-0.14384761122009504,-0.11821299124619353
sub-anm106213/sub-anm106213_ses-20101215_obj-1ykz3wz_behavior+icephys.nwb,anm106213,8,8,0.0,-0.1772372629780839,-0.1566342793021957
sub-anm106213/sub-anm106213_ses-20101215_obj-1ykz3wz_behavior+icephys.nwb,anm106213,9,14,0.0,-0.1692203417378126,-0.15603352164962742
sub-anm106213/sub-anm106213_ses-20101215_obj-1ykz3wz_behavior+icephys.nwb,anm106213,10,11,0.0,-0.18945695515903996,-0.1787852294889851
sub-anm106213/sub-anm106213_ses-20101215_obj-1ykz3wz_behavior+icephys.nwb,anm106213,11,2,0.0,-0.18894496534288063,-0.1771541943719587
sub-anm131970/sub-anm131970_ses-20110511_behavior+icephys.nwb,anm131970,0,6,0.5,0.019531569952297267,0.14259532279596648
sub-anm131970/sub-anm131970_ses-20110511_behavior+icephys.nwb,anm131970,1,9,0.2222222222222222,-0.3180124533747133,-0.24406557440215948
sub-anm131970/sub-anm131970_ses-20110511_behavior+icephys.nwb,anm131970,2,12,0.4166666666666667,-0.08998756227234676,-0.026737976405963402
sub-anm131970/sub-anm131970_ses-20110511_behavior+icephys.nwb,anm131970,3,16,0.1875,-0.3481571564744578,-0.35254297814739793
sub-anm131970/sub-anm131970_ses-20110511_behavior+icephys.nwb,anm131970,4,23,1.0,0.2666884002724687,0.1423431370980519
sub-anm131970/sub-anm131970_ses-20110511_behavior+icephys.nwb,anm131970,5,21,1.1904761904761905,0.4531535039971114,0.28306707909265594
sub-anm131970/sub-anm131970_ses-20110511_behavior+icephys.nwb,anm131970,6,6,0.8333333333333334,0.22968038373793212,0.1574538282287128
sub-anm131970/sub-anm131970_ses-20110511_behavior+icephys.nwb,anm131970,7,3,0.0,-0.5627547520281776,-0.4185417745536757
sub-anm131970/sub-anm131970_ses-20110511_behavior+icephys.nwb,anm131970,8,8,0.125,-0.38744637180092234,-0.3811513084282936
sub-anm131970/sub-anm131970_ses-20110511_behavior+icephys.nwb,anm131970,9,19,0.3157894736842105,-0.19392848576767935,-0.10763356142099677
sub-anm131970/sub-anm131970_ses-20110511_behavior+icephys.nwb,anm131970,10,20,0.35,-0.16140175714497523,-0.04809427079766178
sub-anm131970/sub-anm131970_ses-20110511_behavior+icephys.nwb,anm131970,11,10,0.6,0.17916897665965045,0.28921241489583793
sub-anm134333/sub-anm134333_ses-20110601_behavior+icephys.nwb,anm134333,0,5,0.0,-0.14382307978748685,-0.13780159051993215
sub-anm134333/sub-anm134333_ses-20110601_behavior+icephys.nwb,anm134333,1,3,0.0,-0.13225323609999942,-0.13025265579667225
sub-anm134333/sub-anm134333_ses-20110601_behavior+icephys.nwb,anm134333,2,11,0.09090909090909091,0.30880476426713105,0.31573573635090196
sub-anm134333/sub-anm134333_ses-20110601_behavior+icephys.nwb,anm134333,3,26,0.038461538461538464,0.029956131262664762,0.03318882612704652
sub-anm134333/sub-anm134333_ses-20110601_behavior+icephys.nwb,anm134333,4,100,0.01,-0.11955521525179348,-0.12082058147181182
sub-anm134333/sub-anm134333_ses-20110601_behavior+icephys.nwb,anm134333,5,105,0.06666666666666667,0.17651138148843934,0.1727921426211065
sub-anm134333/sub-anm134333_ses-20110601_behavior+icephys.nwb,anm134333,6,14,0.0,-0.17829291666322863,-0.18187779124452882
sub-anm134333/sub-anm134333_ses-20110601_behavior+icephys.nwb,anm134333,7,1,0.0,-0.12450476143400009,-0.11871297577379285
sub-anm134333/sub-anm134333_ses-20110601_behavior+icephys.nwb,anm134333,8,10,0.0,-0.18167719575638094,-0.16836997769436102
sub-anm134333/sub-anm134333_ses-20110601_behavior+icephys.nwb,anm134333,9,12,0.0,-0.1658514784644958,-0.15621234110089902
sub-anm134333/sub-anm134333_ses-20110601_behavior+icephys.nwb,anm134333,10,13,0.0,-0.17102753890004163,-0.16026422462974077
sub-anm134333/sub-anm134333_ses-20110601_behavior+icephys.nwb,anm134333,11,7,0.0,-0.16513664323623342,-0.15485928034268628
sub-anm17702/sub-anm17702_ses-20100507_behavior+icephys.nwb,anm17702,0,1,0.0,-0.46774609405464307,-0.6404179618482779
sub-anm17702/sub-anm17702_ses-20100507_behavior+icephys.nwb,anm17702,1,7,0.2857142857142857,0.02719925704901614,-0.08426600576056839
sub-anm17702/sub-anm17702_ses-20100507_behavior+icephys.nwb,anm17702,2,9,1.0,1.2657923493881498,1.20726682548693
sub-anm17702/sub-anm17702_ses-20100507_behavior+icephys.nwb,anm17702,3,77,0.4675324675324675,0.3451918737178055,0.31632849121136275
sub-anm17702/sub-anm17702_ses-20100507_behavior+icephys.nwb,anm17702,4,265,0.30943396226415093,0.07897940048530311,0.07652286292861922
sub-anm17702/sub-anm17702_ses-20100507_behavior+icephys.nwb,anm17702,5,198,0.11616161616161616,-0.24245614115306652,-0.22091586327713622
sub-anm17702/sub-anm17702_ses-20100507_behavior+icephys.nwb,anm17702,6,23,0.08695652173913043,-0.2864257233330742,-0.28378080809949147
sub-anm17702/sub-anm17702_ses-20100507_behavior+icephys.nwb,anm17702,7,6,0.0,-0.5124879880292753,-0.5127637994972809
sub-anm17702/sub-anm17702_ses-20100507_behavior+icephys.nwb,anm17702,8,6,0.0,-0.5039218152076692,-0.5786931931417543
sub-anm17702/sub-anm17702_ses-20100507_behavior+icephys.nwb,anm17702,9,2,0.0,-0.49780666291313325,-0.5839282740219803
sub-anm17702/sub-anm17702_ses-20100507_behavior+icephys.nwb,anm17702,10,4,0.75,0.8194373802980279,0.7084281571816018
sub-anm211295/sub-anm211295_ses-20131015_behavior+icephys+ogen.nwb,anm211295,0,2,0.0,-0.205177647705182,-0.13237893333351944
sub-anm211295/sub-anm211295_ses-20131015_behavior+icephys+ogen.nwb,anm211295,1,9,0.0,-0.25457089592129406,-0.1659991479736894
sub-anm211295/sub-anm211295_ses-20131015_behavior+icephys+ogen.nwb,anm211295,2,21,0.047619047619047616,-0.18333046989902352,-0.12200593105104375
sub-anm211295/sub-anm211295_ses-20131015_behavior+icephys+ogen.nwb,anm211295,3,53,0.03773584905660377,-0.22383694298010487,-0.6639495810202642
sub-anm211295/sub-anm211295_ses-20131015_behavior+icephys+ogen.nwb,anm211295,4,96,0.3333333333333333,0.13327675017305288,-0.037268533890700936
sub-anm211295/sub-anm211295_ses-20131015_behavior+icephys+ogen.nwb,anm211295,5,43,0.5581395348837209,0.38934689216492724,0.34892961924966376
sub-anm211295/sub-anm211295_ses-20131015_behavior+icephys+ogen.nwb,anm211295,6,5,0.0,-0.2902230707603778,-0.21561261622259184
sub-anm211295/sub-anm211295_ses-20131015_behavior+icephys+ogen.nwb,anm211295,7,5,0.0,-0.26601790970733763,-0.2138627989451063
sub-anm211295/sub-anm211295_ses-20131015_behavior+icephys+ogen.nwb,anm211295,8,7,0.0,-0.2567564221447452,-0.2117263713668612
sub-anm211295/sub-anm211295_ses-20131015_behavior+icephys+ogen.nwb,anm211295,9,18,0.0,-0.23514286472972115,-0.2090499231081711
sub-anm211295/sub-anm211295_ses-20131015_behavior+icephys+ogen.nwb,anm211295,10,8,0.125,-0.13532454641148228,-0.07177687253415782
sub-anm211295/sub-anm211295_ses-20131015_behavior+icephys+ogen.nwb,anm211295,11,2,1.0,1.1187523123953955,1.1508166665269908
sub-anm215592/sub-anm215592_ses-20131015_obj-8s1awh_behavior+icephys+ogen.nwb,anm215592,0,1,0.0,-0.22168408209986296,-0.19899510671919443
sub-anm215592/sub-anm215592_ses-20131015_obj-8s1awh_behavior+icephys+ogen.nwb,anm215592,1,8,0.0,-0.20302124056029636,-0.19876105287680879
sub-anm215592/sub-anm215592_ses-20131015_obj-8s1awh_behavior+icephys+ogen.nwb,anm215592,2,21,0.0,-0.21608084138249983,-0.20848452058239553
sub-anm215592/sub-anm215592_ses-20131015_obj-8s1awh_behavior+icephys+ogen.nwb,anm215592,3,48,0.020833333333333332,-0.17648553108950957,-0.16931767263338385
sub-anm215592/sub-anm215592_ses-20131015_obj-8s1awh_behavior+icephys+ogen.nwb,anm215592,4,113,0.05309734513274336,-0.10465070820418208,-0.10251542404856519
sub-anm215592/sub-anm215592_ses-20131015_obj-8s1awh_behavior+icephys+ogen.nwb,anm215592,5,56,0.21428571428571427,0.2254256701381198,0.21973987953493626
sub-anm215592/sub-anm215592_ses-20131015_obj-8s1awh_behavior+icephys+ogen.nwb,anm215592,6,9,0.5555555555555556,0.9530629796766752,0.9398486483925576
sub-anm215592/sub-anm215592_ses-20131015_obj-8s1awh_behavior+icephys+ogen.nwb,anm215592,7,5,0.0,-0.20792892899661214,-0.22618064140954325
sub-anm215592/sub-anm215592_ses-20131015_obj-8s1awh_behavior+icephys+ogen.nwb,anm215592,8,4,0.75,1.3629887835017236,1.3452159840464093
sub-anm215592/sub-anm215592_ses-20131015_obj-8s1awh_behavior+icephys+ogen.nwb,anm215592,9,9,0.0,-0.22085579451577042,-0.2383709203330806
sub-anm215592/sub-anm215592_ses-20131015_obj-8s1awh_behavior+icephys+ogen.nwb,anm215592,10,6,0.3333333333333333,0.4783260847337183,0.4749672216847136
sub-anm215592/sub-anm215592_ses-20131015_obj-odx8px_behavior+icephys+ogen.nwb,anm215592,0,5,5.0,0.5438144322766154,0.2292736105379416
sub-anm215592/sub-anm215592_ses-20131015_obj-odx8px_behavior+icephys+ogen.nwb,anm215592,1,12,1.8333333333333333,-0.43793288690397797,-0.472532555775377
sub-anm215592/sub-anm215592_ses-20131015_obj-odx8px_behavior+icephys+ogen.nwb,anm215592,2,13,1.9230769230769231,-0.3638558137277536,-0.35149362736796963
sub-anm215592/sub-anm215592_ses-20131015_obj-odx8px_behavior+icephys+ogen.nwb,anm215592,3,68,3.0588235294117645,0.06558454031580237,0.15272131876529838
sub-anm215592/sub-anm215592_ses-20131015_obj-odx8px_behavior+icephys+ogen.nwb,anm215592,4,155,3.2129032258064516,-0.009167917691516115,0.07812301341124371
sub-anm215592/sub-anm215592_ses-20131015_obj-odx8px_behavior+icephys+ogen.nwb,anm215592,5,83,2.4939759036144578,-0.2983915082206288,-0.24091805764230542
sub-anm215592/sub-anm215592_ses-20131015_obj-odx8px_behavior+icephys+ogen.nwb,anm215592,6,4,0.25,-1.015910739910466,-1.0217295147227283
sub-anm215592/sub-anm215592_ses-20131015_obj-odx8px_behavior+icephys+ogen.nwb,anm215592,7,6,4.666666666666667,0.6554854300613027,0.3813090398908483
sub-anm215592/sub-anm215592_ses-20131015_obj-odx8px_behavior+icephys+ogen.nwb,anm215592,8,8,7.625,1.4168385071244916,0.6301830630264411
sub-anm215592/sub-anm215592_ses-20131015_obj-odx8px_behavior+icephys+ogen.nwb,anm215592,9,13,6.384615384615385,1.102734921397053,0.2656745545634851
sub-anm215592/sub-anm215592_ses-20131015_obj-odx8px_behavior+icephys+ogen.nwb,anm215592,10,5,6.6,1.2464053116188467,0.2766734985895488
sub-anm215592/sub-anm215592_ses-20131017_behavior+icephys+ogen.nwb,anm215592,0,11,0.0,-0.20910554410036272,-0.1824412881704564
sub-anm215592/sub-anm215592_ses-20131017_behavior+icephys+ogen.nwb,anm215592,1,10,0.1,0.09167560310170919,0.09716216473139137
sub-anm215592/sub-anm215592_ses-20131017_behavior+icephys+ogen.nwb,anm215592,2,45,0.06666666666666667,-0.0155628955102888,-0.01612922497743397
sub-anm215592/sub-anm215592_ses-20131017_behavior+icephys+ogen.nwb,anm215592,3,103,0.05825242718446602,-0.041749689318685904,-0.036931065043952944
sub-anm215592/sub-anm215592_ses-20131017_behavior+icephys+ogen.nwb,anm215592,4,166,0.1144578313253012,0.10743676907941271,0.1003071454384862
sub-anm215592/sub-anm215592_ses-20131017_behavior+icephys+ogen.nwb,anm215592,5,71,0.014084507042253521,-0.1899889727143842,-0.18978021800518627
sub-anm215592/sub-anm215592_ses-20131017_behavior+icephys+ogen.nwb,anm215592,6,10,0.0,-0.2407515685664079,-0.23813569031531032
sub-anm215592/sub-anm215592_ses-20131017_behavior+icephys+ogen.nwb,anm215592,7,10,0.0,-0.2235421263346967,-0.19678699980254147
sub-anm215592/sub-anm215592_ses-20131017_behavior+icephys+ogen.nwb,anm215592,8,11,0.09090909090909091,0.03353999405224754,0.04150763996872804
sub-anm215592/sub-anm215592_ses-20131017_behavior+icephys+ogen.nwb,anm215592,9,28,0.07142857142857142,-0.014834829023524084,-0.002686865187181527
sub-anm215592/sub-anm215592_ses-20131017_behavior+icephys+ogen.nwb,anm215592,10,18,0.16666666666666666,0.27172374582765857,0.28615457474870654
sub-anm215592/sub-anm215592_ses-20131017_behavior+icephys+ogen.nwb,anm215592,11,5,0.2,0.3658178486750504,0.3966283404434
sub-anm215592/sub-anm215592_ses-20131023_behavior+icephys+ogen.nwb,anm215592,0,6,0.16666666666666666,-0.6099288587492842,-0.25776905056756094
sub-anm215592/sub-anm215592_ses-20131023_behavior+icephys+ogen.nwb,anm215592,1,14,0.14285714285714285,-0.5804317144723802,-0.3866983345685789
sub-anm215592/sub-anm215592_ses-20131023_behavior+icephys+ogen.nwb,anm215592,2,34,0.7647058823529411,-0.19143493981953014,-0.16392216404365553
sub-anm215592/sub-anm215592_ses-20131023_behavior+icephys+ogen.nwb,anm215592,3,171,1.1345029239766082,0.036967818809944125,9.123173755063779e-05
sub-anm215592/sub-anm215592_ses-20131023_behavior+icephys+ogen.nwb,anm215592,4,356,1.6769662921348314,0.2782436026574057,0.17507855748334256
sub-anm215592/sub-anm215592_ses-20131023_behavior+icephys+ogen.nwb,anm215592,5,142,0.6056338028169014,-0.2882342308970019,-0.21090184907704973
sub-anm215592/sub-anm215592_ses-20131023_behavior+icephys+ogen.nwb,anm215592,6,19,0.05263157894736842,-0.5066686473453771,-0.36087845162873355
sub-anm215592/sub-anm215592_ses-20131023_behavior+icephys+ogen.nwb,anm215592,7,16,0.1875,-0.5577381702327405,-0.21918642408469324
sub-anm215592/sub-anm215592_ses-20131023_behavior+icephys+ogen.nwb,anm215592,8,21,0.7142857142857143,-0.2929969682192762,0.06746778898927014
sub-anm215592/sub-anm215592_ses-20131023_behavior+icephys+ogen.nwb,anm215592,9,22,0.5909090909090909,-0.48869358581066,-0.1957280186552788
sub-anm215592/sub-anm215592_ses-20131023_behavior+icephys+ogen.nwb,anm215592,10,10,0.1,-0.786114126902983,-0.3604741149146527
sub-anm215592/sub-anm215592_ses-20131023_behavior+icephys+ogen.nwb,anm215592,11,4,0.0,-0.8678670800394219,-0.5134946394261551
sub-anm217330/sub-anm217330_ses-20131126_behavior+icephys+ogen.nwb,anm217330,0,1,0.0,-0.21842286246821063,-0.21332943944768845
sub-anm217330/sub-anm217330_ses-20131126_behavior+icephys+ogen.nwb,anm217330,1,2,0.0,-0.19801357007163922,-0.19684208420851496
sub-anm217330/sub-anm217330_ses-20131126_behavior+icephys+ogen.nwb,anm217330,2,9,0.0,-0.21554278957480524,-0.21351982790148014
sub-anm217330/sub-anm217330_ses-20131126_behavior+icephys+ogen.nwb,anm217330,3,46,0.043478260869565216,-0.06055058187937415,-0.06116844969441939
sub-anm217330/sub-anm217330_ses-20131126_behavior+icephys+ogen.nwb,anm217330,4,229,0.0611353711790393,0.0012639441553818607,0.00010378221257818782
sub-anm217330/sub-anm217330_ses-20131126_behavior+icephys+ogen.nwb,anm217330,5,80,0.075,0.04603562111818985,0.04649560742240906
sub-anm217330/sub-anm217330_ses-20131126_behavior+icephys+ogen.nwb,anm217330,6,10,0.0,-0.2503550636806086,-0.24762408977373132
sub-anm217330/sub-anm217330_ses-20131126_behavior+icephys+ogen.nwb,anm217330,7,5,0.4,1.2403403179852686,1.2416039605509417
sub-anm217330/sub-anm217330_ses-20131126_behavior+icephys+ogen.nwb,anm217330,8,7,0.14285714285714285,0.29922884107508857,0.30934106662763255
sub-anm217330/sub-anm217330_ses-20131126_behavior+icephys+ogen.nwb,anm217330,9,7,0.0,-0.1940353817960761,-0.19504365603604437
sub-anm217330/sub-anm217330_ses-20131126_behavior+icephys+ogen.nwb,anm217330,10,7,0.0,-0.23383274476458102,-0.23291133106286632
sub-anm217330/sub-anm217330_ses-20131126_behavior+icephys+ogen.nwb,anm217330,11,7,0.0,-0.2292341892435851,-0.22842513815335877
sub-anm226692/sub-anm226692_ses-20140224_behavior+icephys+ogen.nwb,anm226692,0,5,0.0,-0.2743844458122277,-0.26602162200098645
sub-anm226692/sub-anm226692_ses-20140224_behavior+icephys+ogen.nwb,anm226692,1,9,0.0,-0.30412486709102216,-0.2937337051706383
sub-anm226692/sub-anm226692_ses-20140224_behavior+icephys+ogen.nwb,anm226692,2,18,0.05555555555555555,-0.13521571076276737,-0.12556729407126332
sub-anm226692/sub-anm226692_ses-20140224_behavior+icephys+ogen.nwb,anm226692,3,90,0.03333333333333333,-0.2043595515993147,-0.19873010362366875
sub-anm226692/sub-anm226692_ses-20140224_behavior+icephys+ogen.nwb,anm226692,4,335,0.07761194029850746,-0.07378490474094436,-0.07148285324512171
sub-anm226692/sub-anm226692_ses-20140224_behavior+icephys+ogen.nwb,anm226692,5,191,0.17801047120418848,0.20798286969074445,0.20178889489659138
sub-anm226692/sub-anm226692_ses-20140224_behavior+icephys+ogen.nwb,anm226692,6,35,0.2571428571428571,0.44084000626227127,0.4350226755685256
sub-anm226692/sub-anm226692_ses-20140224_behavior+icephys+ogen.nwb,anm226692,7,29,0.06896551724137931,-0.0836929859417446,-0.09220221727691319
sub-anm226692/sub-anm226692_ses-20140224_behavior+icephys+ogen.nwb,anm226692,8,32,0.09375,-0.014318566351721636,-0.01836887818237961
sub-anm226692/sub-anm226692_ses-20140224_behavior+icephys+ogen.nwb,anm226692,9,22,0.13636363636363635,0.11945807725524972,0.11764742064627755
sub-anm226692/sub-anm226692_ses-20140224_behavior+icephys+ogen.nwb,anm226692,10,20,0.05,-0.1171859365327567,-0.11681625179077915
sub-anm226692/sub-anm226692_ses-20140224_behavior+icephys+ogen.nwb,anm226692,11,14,0.0,-0.25113569732177754,-0.24987349780708304
sub-anm226694/sub-anm226694_ses-20140222_obj-1noi7y3_behavior+icephys+ogen.nwb,anm226694,0,6,0.0,-0.29526259899916657,-0.30235063373058707
sub-anm226694/sub-anm226694_ses-20140222_obj-1noi7y3_behavior+icephys+ogen.nwb,anm226694,1,7,0.0,-0.2715298972520359,-0.25520136178000774
sub-anm226694/sub-anm226694_ses-20140222_obj-1noi7y3_behavior+icephys+ogen.nwb,anm226694,2,16,0.125,-0.03235623293489687,-0.013662775877422262
sub-anm226694/sub-anm226694_ses-20140222_obj-1noi7y3_behavior+icephys+ogen.nwb,anm226694,3,76,0.17105263157894737,0.06043008872152161,0.07571498556403655
sub-anm226694/sub-anm226694_ses-20140222_obj-1noi7y3_behavior+icephys+ogen.nwb,anm226694,4,128,0.1171875,-0.061971440774711894,-0.05180774133040562
sub-anm226694/sub-anm226694_ses-20140222_obj-1noi7y3_behavior+icephys+ogen.nwb,anm226694,5,100,0.09,-0.12852784742127596,-0.13154823858150025
sub-anm226694/sub-anm226694_ses-20140222_obj-1noi7y3_behavior+icephys+ogen.nwb,anm226694,6,14,0.14285714285714285,-0.01869321806802248,-0.02860699924365432
sub-anm226694/sub-anm226694_ses-20140222_obj-1noi7y3_behavior+icephys+ogen.nwb,anm226694,7,7,0.0,-0.2793850781505451,-0.3023604078254926
sub-anm226694/sub-anm226694_ses-20140222_obj-1noi7y3_behavior+icephys+ogen.nwb,anm226694,8,22,0.13636363636363635,-0.0006360188091460793,-0.026615943312829973
sub-anm226694/sub-anm226694_ses-20140222_obj-1noi7y3_behavior+icephys+ogen.nwb,anm226694,9,38,0.23684210526315788,0.19636996643423382,0.16980457554144684
sub-anm226694/sub-anm226694_ses-20140222_obj-1noi7y3_behavior+icephys+ogen.nwb,anm226694,10,23,0.43478260869565216,0.5932750073359114,0.5714561944132163
sub-anm226694/sub-anm226694_ses-20140222_obj-1noi7y3_behavior+icephys+ogen.nwb,anm226694,11,3,0.3333333333333333,0.3481093672925463,0.32795349241160515
sub-anm226694/sub-anm226694_ses-20140222_obj-cj20ns_behavior+icephys+ogen.nwb,anm226694,0,2,1.5,-0.21047329216648314,-0.21428842212135252
sub-anm226694/sub-anm226694_ses-20140222_obj-cj20ns_behavior+icephys+ogen.nwb,anm226694,1,15,1.6666666666666667,-0.18259505157621103,-0.1439505245195987
sub-anm226694/sub-anm226694_ses-20140222_obj-cj20ns_behavior+icephys+ogen.nwb,anm226694,2,29,2.0344827586206895,0.10895903881950013,0.14187411786905482
sub-anm226694/sub-anm226694_ses-20140222_obj-cj20ns_behavior+icephys+ogen.nwb,anm226694,3,103,1.970873786407767,0.015826699779848855,0.033063883652981164
sub-anm226694/sub-anm226694_ses-20140222_obj-cj20ns_behavior+icephys+ogen.nwb,anm226694,4,149,2.1140939597315436,0.018574643799472036,0.020030222251067632
sub-anm226694/sub-anm226694_ses-20140222_obj-cj20ns_behavior+icephys+ogen.nwb,anm226694,5,82,1.8170731707317074,-0.1738997693524376,-0.1984695236717804
sub-anm226694/sub-anm226694_ses-20140222_obj-cj20ns_behavior+icephys+ogen.nwb,anm226694,6,7,1.8571428571428572,-0.13263487035998753,-0.1567902489903239
sub-anm226694/sub-anm226694_ses-20140222_obj-cj20ns_behavior+icephys+ogen.nwb,anm226694,7,2,2.5,0.49882495897127815,0.5512832242939301
sub-anm226694/sub-anm226694_ses-20140222_obj-cj20ns_behavior+icephys+ogen.nwb,anm226694,8,10,3.0,0.8535260931457591,0.8754111623838574
sub-anm226694/sub-anm226694_ses-20140222_obj-cj20ns_behavior+icephys+ogen.nwb,anm226694,9,23,2.130434782608696,0.24535418159228656,0.18446732567352983
sub-anm226694/sub-anm226694_ses-20140222_obj-cj20ns_behavior+icephys+ogen.nwb,anm226694,10,14,1.2142857142857142,-0.35747894551981974,-0.457898734775144
sub-anm226694/sub-anm226694_ses-20140222_obj-cj20ns_behavior+icephys+ogen.nwb,anm226694,11,6,0.5,-0.7939913313431924,-0.8555624761567628
sub-anm226694/sub-anm226694_ses-20140225_behavior+icephys+ogen.nwb,anm226694,0,10,0.2,-0.1253838477050126,-0.17913043844707438
sub-anm226694/sub-anm226694_ses-20140225_behavior+icephys+ogen.nwb,anm226694,1,9,0.0,-0.4908632493501148,-0.5107303182959956
sub-anm226694/sub-anm226694_ses-20140225_behavior+icephys+ogen.nwb,anm226694,2,20,0.0,-0.4637725103309916,-0.4303762102961242
sub-anm226694/sub-anm226694_ses-20140225_behavior+icephys+ogen.nwb,anm226694,3,78,0.14102564102564102,-0.1979732161791798,-0.1469591501235307
sub-anm226694/sub-anm226694_ses-20140225_behavior+icephys+ogen.nwb,anm226694,4,150,0.06,-0.3161237206511186,-0.25360544393494533
sub-anm226694/sub-anm226694_ses-20140225_behavior+icephys+ogen.nwb,anm226694,5,101,0.2079207920792079,-0.08247047996330488,-0.0365582825632153
sub-anm226694/sub-anm226694_ses-20140225_behavior+icephys+ogen.nwb,anm226694,6,11,0.45454545454545453,0.33781387758523373,0.32843497607894595
sub-anm226694/sub-anm226694_ses-20140225_behavior+icephys+ogen.nwb,anm226694,7,18,0.2777777777777778,-0.005835974729186227,-0.049346069254545655
sub-anm226694/sub-anm226694_ses-20140225_behavior+icephys+ogen.nwb,anm226694,8,54,0.18518518518518517,-0.147481637497955,-0.22593922535149688
sub-anm226694/sub-anm226694_ses-20140225_behavior+icephys+ogen.nwb,anm226694,9,75,0.4533333333333333,0.28828301264559814,0.21112108246736416
sub-anm226694/sub-anm226694_ses-20140225_behavior+icephys+ogen.nwb,anm226694,10,53,0.9433962264150944,1.0849004278910244,0.982609890362463
sub-anm226694/sub-anm226694_ses-20140225_behavior+icephys+ogen.nwb,anm226694,11,17,0.7058823529411765,0.6900075639676353,0.6165225057492962
sub-anm226695/sub-anm226695_ses-20140224_obj-1d0uka0_behavior+icephys+ogen.nwb,anm226695,0,2,0.0,-1.1419244438649685,-0.8706988248474387
sub-anm226695/sub-anm226695_ses-20140224_obj-1d0uka0_behavior+icephys+ogen.nwb,anm226695,1,3,1.3333333333333333,0.3918079502543894,0.3098772885441234
sub-anm226695/sub-anm226695_ses-20140224_obj-1d0uka0_behavior+icephys+ogen.nwb,anm226695,2,5,1.8,0.6918782078063221,0.5677165621442241
sub-anm226695/sub-anm226695_ses-20140224_obj-1d0uka0_behavior+icephys+ogen.nwb,anm226695,3,30,1.4,0.3082481495785688,0.2212879335030106
sub-anm226695/sub-anm226695_ses-20140224_obj-1d0uka0_behavior+icephys+ogen.nwb,anm226695,4,36,1.1666666666666667,-0.03132577139048562,-0.07119878648590355
sub-anm226695/sub-anm226695_ses-20140224_obj-1d0uka0_behavior+icephys+ogen.nwb,anm226695,5,22,1.0,-0.18395039028945234,-0.1790886570771246
sub-anm226695/sub-anm226695_ses-20140224_obj-1d0uka0_behavior+icephys+ogen.nwb,anm226695,6,3,1.0,-0.25011989282796027,-0.38965879048208324
sub-anm226695/sub-anm226695_ses-20140224_obj-1d0uka0_behavior+icephys+ogen.nwb,anm226695,7,1,1.0,-0.07560609889527588,-0.053805347222578494
sub-anm226695/sub-anm226695_ses-20140224_obj-1d0uka0_behavior+icephys+ogen.nwb,anm226695,8,4,0.75,-0.36460278667563983,-0.1293850906618656
sub-anm226695/sub-anm226695_ses-20140224_obj-1d0uka0_behavior+icephys+ogen.nwb,anm226695,9,6,1.0,-0.1375963494500768,0.22242523385685162
sub-anm226695/sub-anm226695_ses-20140224_obj-1d0uka0_behavior+icephys+ogen.nwb,anm226695,10,1,0.0,-1.0893650969236184,-0.5985172129515058
sub-anm226695/sub-anm226695_ses-20140224_obj-1d0uka0_behavior+icephys+ogen.nwb,anm226695,11,1,0.0,-1.5036615623601566,-1.1677400105177425
sub-anm226695/sub-anm226695_ses-20140224_obj-y42tpg_behavior+icephys+ogen.nwb,anm226695,0,1,0.0,-0.7197331306600463,-0.8454491075727132
sub-anm226695/sub-anm226695_ses-20140224_obj-y42tpg_behavior+icephys+ogen.nwb,anm226695,1,2,0.0,-0.33764536427762204,-0.30958162810880957
sub-anm226695/sub-anm226695_ses-20140224_obj-y42tpg_behavior+icephys+ogen.nwb,anm226695,2,13,0.5384615384615384,0.3308912897530115,0.30957038803174525
sub-anm226695/sub-anm226695_ses-20140224_obj-y42tpg_behavior+icephys+ogen.nwb,anm226695,3,28,0.2857142857142857,0.010601707090689956,-0.006397806668365503
sub-anm226695/sub-anm226695_ses-20140224_obj-y42tpg_behavior+icephys+ogen.nwb,anm226695,4,82,0.45121951219512196,0.18480844913925257,0.17764751481666263
sub-anm226695/sub-anm226695_ses-20140224_obj-y42tpg_behavior+icephys+ogen.nwb,anm226695,5,44,0.09090909090909091,-0.25067457512804,-0.22535192133301687
sub-anm226695/sub-anm226695_ses-20140224_obj-y42tpg_behavior+icephys+ogen.nwb,anm226695,6,4,0.0,-0.46344904721563485,-0.4410340999899341
sub-anm226695/sub-anm226695_ses-20140224_obj-y42tpg_behavior+icephys+ogen.nwb,anm226695,7,1,0.0,-0.42703806628291635,-0.42185098486883194
sub-anm226695/sub-anm226695_ses-20140224_obj-y42tpg_behavior+icephys+ogen.nwb,anm226695,8,2,0.0,-0.306761989043855,-3.3577552090092118
sub-anm226695/sub-anm226695_ses-20140224_obj-y42tpg_behavior+icephys+ogen.nwb,anm226695,9,1,0.0,-0.4066874465990594,-0.382723763611282
sub-anm226695/sub-anm226695_ses-20140224_obj-y42tpg_behavior+icephys+ogen.nwb,anm226695,10,6,0.0,-0.39088446109119585,-0.415774503404857
sub-anm226695/sub-anm226695_ses-20140224_obj-y42tpg_behavior+icephys+ogen.nwb,anm226695,11,2,0.0,-0.3211343559732162,-0.3668783661483688
sub-anm226695/sub-anm226695_ses-20140225_behavior+icephys+ogen.nwb,anm226695,0,1,0.0,-0.6567226312945499,-0.5980277414368661
sub-anm226695/sub-anm226695_ses-20140225_behavior+icephys+ogen.nwb,anm226695,1,3,1.0,-0.13556986589759443,-0.11131532672723703
sub-anm226695/sub-anm226695_ses-20140225_behavior+icephys+ogen.nwb,anm226695,2,6,4.333333333333333,1.7705137750687872,1.6469195467168862
sub-anm226695/sub-anm226695_ses-20140225_behavior+icephys+ogen.nwb,anm226695,3,14,2.357142857142857,0.5974809069107387,0.5156625081290209
sub-anm226695/sub-anm226695_ses-20140225_behavior+icephys+ogen.nwb,anm226695,4,66,1.9848484848484849,0.3094334364832473,0.22833731380182293
sub-anm226695/sub-anm226695_ses-20140225_behavior+icephys+ogen.nwb,anm226695,5,41,0.8048780487804879,-0.3761149877478203,-0.4078048710712204
sub-anm226695/sub-anm226695_ses-20140225_behavior+icephys+ogen.nwb,anm226695,6,10,1.2,-0.24498735549446912,-0.10964428871727554
sub-anm226695/sub-anm226695_ses-20140225_behavior+icephys+ogen.nwb,anm226695,7,8,1.125,-0.18648097870198013,-0.010687463312512357
sub-anm226695/sub-anm226695_ses-20140225_behavior+icephys+ogen.nwb,anm226695,8,15,1.2,-0.15227558812171438,-0.01583146454313848
sub-anm226695/sub-anm226695_ses-20140225_behavior+icephys+ogen.nwb,anm226695,9,18,0.9444444444444444,-0.32914435661817015,-0.20687090845019146
sub-anm226695/sub-anm226695_ses-20140225_behavior+icephys+ogen.nwb,anm226695,10,14,1.2857142857142858,-0.09895085807060264,0.023799442839835032
sub-anm226695/sub-anm226695_ses-20140225_behavior+icephys+ogen.nwb,anm226695,11,4,1.25,-0.14890803975533065,-0.0055715898994230795
sub-anm234230/sub-anm234230_ses-20140119_behavior+icephys+ogen.nwb,anm234230,0,3,0.6666666666666666,1.1235949089550061,1.1505146403466047
sub-anm234230/sub-anm234230_ses-20140119_behavior+icephys+ogen.nwb,anm234230,1,3,0.3333333333333333,0.36983547138603684,0.35403220583036904
sub-anm234230/sub-anm234230_ses-20140119_behavior+icephys+ogen.nwb,anm234230,2,10,0.4,0.5223662242330849,0.5131987672908045
sub-anm234230/sub-anm234230_ses-20140119_behavior+icephys+ogen.nwb,anm234230,3,63,0.20634920634920634,0.07129522685897097,0.051479137837282495
sub-anm234230/sub-anm234230_ses-20140119_behavior+icephys+ogen.nwb,anm234230,4,130,0.2153846153846154,0.07776708570192553,0.06399736986493418
sub-anm234230/sub-anm234230_ses-20140119_behavior+icephys+ogen.nwb,anm234230,5,87,0.13793103448275862,-0.0821421103423074,-0.07815363460941743
sub-anm234230/sub-anm234230_ses-20140119_behavior+icephys+ogen.nwb,anm234230,6,8,0.125,-0.0800051026796468,-0.05672000764873246
sub-anm234230/sub-anm234230_ses-20140119_behavior+icephys+ogen.nwb,anm234230,7,18,0.05555555555555555,-0.2622240808743544,-0.2206958297003042
sub-anm234230/sub-anm234230_ses-20140119_behavior+icephys+ogen.nwb,anm234230,8,19,0.0,-0.40884108503780914,-0.3560615213569396
sub-anm234230/sub-anm234230_ses-20140119_behavior+icephys+ogen.nwb,anm234230,9,12,0.08333333333333333,-0.24112846373025135,-0.19442874850292113
sub-anm234230/sub-anm234230_ses-20140119_behavior+icephys+ogen.nwb,anm234230,10,5,0.0,-0.4629600546931261,-0.4165621430344112
sub-anm234230/sub-anm234230_ses-20140119_behavior+icephys+ogen.nwb,anm234230,11,7,0.2857142857142857,0.2338132878466556,0.281799754899869
sub-anm234231/sub-anm234231_ses-20140126_behavior+icephys+ogen.nwb,anm234231,0,2,0.5,0.5072786312978584,0.5183089644644622
sub-anm234231/sub-anm234231_ses-20140126_behavior+icephys+ogen.nwb,anm234231,1,3,0.0,-0.2885119141389893,-0.27134617113014886
sub-anm234231/sub-anm234231_ses-20140126_behavior+icephys+ogen.nwb,anm234231,2,5,0.4,0.2969104620740145,0.2939240972086019
sub-anm234231/sub-anm234231_ses-20140126_behavior+icephys+ogen.nwb,anm234231,3,34,0.08823529411764706,-0.19263534306387595,-0.20780036816722125
sub-anm234231/sub-anm234231_ses-20140126_behavior+icephys+ogen.nwb,anm234231,4,93,0.26881720430107525,0.07030287286751825,0.061387393973946075
sub-anm234231/sub-anm234231_ses-20140126_behavior+icephys+ogen.nwb,anm234231,5,50,0.26,0.053841134748533824,0.04146949097902742
sub-anm234231/sub-anm234231_ses-20140126_behavior+icephys+ogen.nwb,anm234231,6,8,0.0,-0.3303536581972212,-0.320188329380799
sub-anm234231/sub-anm234231_ses-20140126_behavior+icephys+ogen.nwb,anm234231,7,4,0.0,-0.26199705152380504,-0.23085780235471498
sub-anm234231/sub-anm234231_ses-20140126_behavior+icephys+ogen.nwb,anm234231,8,12,0.3333333333333333,0.21896597017686445,0.24767770483464527
sub-anm234231/sub-anm234231_ses-20140126_behavior+icephys+ogen.nwb,anm234231,9,12,0.25,0.044706957591630396,0.08583930402492372
sub-anm234231/sub-anm234231_ses-20140126_behavior+icephys+ogen.nwb,anm234231,10,7,0.0,-0.2797749960985429,-0.24906891422417723
sub-anm234231/sub-anm234231_ses-20140126_behavior+icephys+ogen.nwb,anm234231,11,8,0.125,-0.1142935125427298,-0.07780198770953033
sub-anm234232/sub-anm234232_ses-20140108_behavior+icephys+ogen.nwb,anm234232,0,5,0.6,0.38797885958748696,0.4533763310426012
sub-anm234232/sub-anm234232_ses-20140108_behavior+icephys+ogen.nwb,anm234232,1,13,0.07692307692307693,-0.655943119976641,-0.6120410578097325
sub-anm234232/sub-anm234232_ses-20140108_behavior+icephys+ogen.nwb,anm234232,2,18,0.2222222222222222,-0.3460691574151423,-0.31457225754392637
sub-anm234232/sub-anm234232_ses-20140108_behavior+icephys+ogen.nwb,anm234232,3,53,0.24528301886792453,-0.30588316277837635,-0.28354771733915984
sub-anm234232/sub-anm234232_ses-20140108_behavior+icephys+ogen.nwb,anm234232,4,82,0.5365853658536586,0.23755028950479246,0.24401324096229932
sub-anm234232/sub-anm234232_ses-20140108_behavior+icephys+ogen.nwb,anm234232,5,57,0.543859649122807,0.11373939603360729,0.0853904275755425
sub-anm234232/sub-anm234232_ses-20140108_behavior+icephys+ogen.nwb,anm234232,6,19,0.47368421052631576,-0.05644439573690971,-0.0711437271990115
sub-anm234232/sub-anm234232_ses-20140108_behavior+icephys+ogen.nwb,anm234232,7,9,0.3333333333333333,-0.10903352136645258,-0.11412214021682868
sub-anm234232/sub-anm234232_ses-20140108_behavior+icephys+ogen.nwb,anm234232,8,19,0.42105263157894735,0.0611238575569995,0.030405964384860932
sub-anm234232/sub-anm234232_ses-20140108_behavior+icephys+ogen.nwb,anm234232,9,32,0.4375,0.09157365738825175,0.05425369387452417
sub-anm234232/sub-anm234232_ses-20140108_behavior+icephys+ogen.nwb,anm234232,10,8,0.25,-0.30074112948652193,-0.34309483505876104
sub-anm234232/sub-anm234232_ses-20140108_behavior+icephys+ogen.nwb,anm234232,11,4,0.75,0.671737320153508,0.6827180788561207
sub-anm244024/sub-anm244024_ses-20141112_obj-8tj80c_behavior+icephys+ogen.nwb,anm244024,0,1,1.0,1.6352238878836727,1.5977426583753835
sub-anm244024/sub-anm244024_ses-20141112_obj-8tj80c_behavior+icephys+ogen.nwb,anm244024,1,5,0.2,-0.05552077483469729,-0.026876813737358708
sub-anm244024/sub-anm244024_ses-20141112_obj-8tj80c_behavior+icephys+ogen.nwb,anm244024,2,19,0.2631578947368421,0.1094338321442021,0.10310691489247045
sub-anm244024/sub-anm244024_ses-20141112_obj-8tj80c_behavior+icephys+ogen.nwb,anm244024,3,35,0.11428571428571428,-0.20491501732557044,-0.2169376678426074
sub-anm244024/sub-anm244024_ses-20141112_obj-8tj80c_behavior+icephys+ogen.nwb,anm244024,4,39,0.28205128205128205,0.11472679768360976,0.09598135855166098
sub-anm244024/sub-anm244024_ses-20141112_obj-8tj80c_behavior+icephys+ogen.nwb,anm244024,5,37,0.2702702702702703,0.12777796769659408,0.11149353196099952
sub-anm244024/sub-anm244024_ses-20141112_obj-8tj80c_behavior+icephys+ogen.nwb,anm244024,6,5,0.2,-0.06509194376496424,-0.051342275762592385
sub-anm244024/sub-anm244024_ses-20141112_obj-8tj80c_behavior+icephys+ogen.nwb,anm244024,7,6,0.3333333333333333,0.20558548077615593,0.3767597984757132
sub-anm244024/sub-anm244024_ses-20141112_obj-8tj80c_behavior+icephys+ogen.nwb,anm244024,8,2,0.0,-0.44192098556379766,-0.36858680326317084
sub-anm244024/sub-anm244024_ses-20141112_obj-8tj80c_behavior+icephys+ogen.nwb,anm244024,9,8,0.0,-0.455671484834386,-0.40167657220343733
sub-anm244024/sub-anm244024_ses-20141112_obj-8tj80c_behavior+icephys+ogen.nwb,anm244024,10,4,0.0,-0.4747750674659697,-0.4142371456318048
sub-anm244025/sub-anm244025_ses-20141026_obj-1q7bmz0_behavior+icephys+ogen.nwb,anm244025,0,7,0.0,-0.2971141103195195,-0.29711078261235846
sub-anm244025/sub-anm244025_ses-20141026_obj-1q7bmz0_behavior+icephys+ogen.nwb,anm244025,1,3,0.6666666666666666,1.5315331231190121,1.5422133671020906
sub-anm244025/sub-anm244025_ses-20141026_obj-1q7bmz0_behavior+icephys+ogen.nwb,anm244025,2,16,0.0,-0.33185324046120757,-0.32480210390624814
sub-anm244025/sub-anm244025_ses-20141026_obj-1q7bmz0_behavior+icephys+ogen.nwb,anm244025,3,58,0.06896551724137931,-0.11347408812898305,-0.10825345904893723
sub-anm244025/sub-anm244025_ses-20141026_obj-1q7bmz0_behavior+icephys+ogen.nwb,anm244025,4,74,0.0945945945945946,-0.03402421689147717,-0.029006336274506016
sub-anm244025/sub-anm244025_ses-20141026_obj-1q7bmz0_behavior+icephys+ogen.nwb,anm244025,5,34,0.17647058823529413,0.1789080772169958,0.18244930283181682
sub-anm244025/sub-anm244025_ses-20141026_obj-1q7bmz0_behavior+icephys+ogen.nwb,anm244025,6,11,0.0,-0.30052970738638085,-0.30362368085891095
sub-anm244025/sub-anm244025_ses-20141026_obj-1q7bmz0_behavior+icephys+ogen.nwb,anm244025,7,2,1.0,2.5402357606309893,2.5736307618505503
sub-anm244025/sub-anm244025_ses-20141026_obj-1q7bmz0_behavior+icephys+ogen.nwb,anm244025,8,6,0.0,-0.28874083087531077,-0.2970188812347094
sub-anm244025/sub-anm244025_ses-20141026_obj-1q7bmz0_behavior+icephys+ogen.nwb,anm244025,9,9,0.3333333333333333,0.6573465046629176,0.6497982733371114
sub-anm244025/sub-anm244025_ses-20141026_obj-1q7bmz0_behavior+icephys+ogen.nwb,anm244025,10,22,0.13636363636363635,0.09102104765130302,0.07740953996218644
sub-anm244025/sub-anm244025_ses-20141026_obj-1q7bmz0_behavior+icephys+ogen.nwb,anm244025,11,6,0.0,-0.35026195177091185,-0.37151963676648675
sub-anm244025/sub-anm244025_ses-20141026_obj-gspsia_behavior+icephys+ogen.nwb,anm244025,0,1,0.0,-0.414379514985651,-0.41483571265277125
sub-anm244025/sub-anm244025_ses-20141026_obj-gspsia_behavior+icephys+ogen.nwb,anm244025,1,3,0.0,-0.41452821685780467,-0.41125949098650655
sub-anm244025/sub-anm244025_ses-20141026_obj-gspsia_behavior+icephys+ogen.nwb,anm244025,2,3,0.0,-0.40494515826314936,-0.3550800938992837
sub-anm244025/sub-anm244025_ses-20141026_obj-gspsia_behavior+icephys+ogen.nwb,anm244025,3,22,0.0,-0.3716753828592721,-0.31945060456876406
sub-anm244025/sub-anm244025_ses-20141026_obj-gspsia_behavior+icephys+ogen.nwb,anm244025,4,42,0.07142857142857142,-0.26178693989635865,-0.1853205949059256
sub-anm244025/sub-anm244025_ses-20141026_obj-gspsia_behavior+icephys+ogen.nwb,anm244025,5,29,0.10344827586206896,-0.24968917928716344,-0.16267218646766468
sub-anm244025/sub-anm244025_ses-20141026_obj-gspsia_behavior+icephys+ogen.nwb,anm244025,6,5,0.2,0.04601381136027364,0.1135008973614553
sub-anm244025/sub-anm244025_ses-20141026_obj-gspsia_behavior+icephys+ogen.nwb,anm244025,8,2,1.0,1.713645612687638,1.5218368476385127
sub-anm244025/sub-anm244025_ses-20141026_obj-gspsia_behavior+icephys+ogen.nwb,anm244025,9,9,0.7777777777777778,1.3158175925919298,1.1023858436727585
sub-anm244025/sub-anm244025_ses-20141026_obj-gspsia_behavior+icephys+ogen.nwb,anm244025,10,11,0.6363636363636364,0.9673537232206115,0.6949500177612328
sub-anm244025/sub-anm244025_ses-20141026_obj-gspsia_behavior+icephys+ogen.nwb,anm244025,11,7,0.42857142857142855,0.4680950166433656,0.16187996550217493
sub-anm244028/sub-anm244028_ses-20141021_obj-15ygrjz_behavior+icephys+ogen.nwb,anm244028,0,1,1.0,0.6682717506377858,0.7252039848971495
sub-anm244028/sub-anm244028_ses-20141021_obj-15ygrjz_behavior+icephys+ogen.nwb,anm244028,1,3,0.0,-0.7090572856137606,-0.682547121512663
sub-anm244028/sub-anm244028_ses-20141021_obj-15ygrjz_behavior+icephys+ogen.nwb,anm244028,2,6,0.0,-0.7159505343199747,-0.6394666850566043
sub-anm244028/sub-anm244028_ses-20141021_obj-15ygrjz_behavior+icephys+ogen.nwb,anm244028,3,24,0.4166666666666667,-0.07434226796327385,0.004548011447429501
sub-anm244028/sub-anm244028_ses-20141021_obj-15ygrjz_behavior+icephys+ogen.nwb,anm244028,4,48,0.4166666666666667,-0.1628038580909603,-0.10327443665234944
sub-anm244028/sub-anm244028_ses-20141021_obj-15ygrjz_behavior+icephys+ogen.nwb,anm244028,5,23,0.7391304347826086,0.0365826460512708,0.05241207214605069
sub-anm244028/sub-anm244028_ses-20141021_obj-15ygrjz_behavior+icephys+ogen.nwb,anm244028,6,5,0.4,-0.4636862967224963,-0.44802174433832037
sub-anm244028/sub-anm244028_ses-20141021_obj-15ygrjz_behavior+icephys+ogen.nwb,anm244028,7,1,1.0,0.46996725617083535,0.5902864681203768
sub-anm244028/sub-anm244028_ses-20141021_obj-15ygrjz_behavior+icephys+ogen.nwb,anm244028,8,4,1.5,1.3905867136034284,1.4093900156751191
sub-anm244028/sub-anm244028_ses-20141021_obj-15ygrjz_behavior+icephys+ogen.nwb,anm244028,9,2,1.5,1.1066981533377793,1.0836240642766073
sub-anm244028/sub-anm244028_ses-20141021_obj-15ygrjz_behavior+icephys+ogen.nwb,anm244028,10,9,1.3333333333333333,0.9922306992205918,0.7273724234296367
sub-anm244028/sub-anm244028_ses-20141021_obj-15ygrjz_behavior+icephys+ogen.nwb,anm244028,11,2,0.5,-0.0008123231859629154,-0.17401941631626106
sub-anm244028/sub-anm244028_ses-20141021_obj-1a5sqoc_behavior+icephys+ogen.nwb,anm244028,0,1,2.0,-0.30880374294351765,-0.272650875369013
sub-anm244028/sub-anm244028_ses-20141021_obj-1a5sqoc_behavior+icephys+ogen.nwb,anm244028,1,3,1.0,-1.2072655554926184,-1.0873376367997294
sub-anm244028/sub-anm244028_ses-20141021_obj-1a5sqoc_behavior+icephys+ogen.nwb,anm244028,2,4,2.25,-0.23447688814275006,-0.10832781516317126
sub-anm244028/sub-anm244028_ses-20141021_obj-1a5sqoc_behavior+icephys+ogen.nwb,anm244028,3,16,2.625,0.09682586794895266,0.1699987131961167
sub-anm244028/sub-anm244028_ses-20141021_obj-1a5sqoc_behavior+icephys+ogen.nwb,anm244028,4,17,2.3529411764705883,-0.17087003072973414,-0.10368997620114762
sub-anm244028/sub-anm244028_ses-20141021_obj-1a5sqoc_behavior+icephys+ogen.nwb,anm244028,5,14,2.9285714285714284,0.04372476266889179,0.04814964507932724
sub-anm244028/sub-anm244028_ses-20141021_obj-1a5sqoc_behavior+icephys+ogen.nwb,anm244028,6,3,2.6666666666666665,0.13219956150575393,0.03954385395197383
sub-anm244028/sub-anm244028_ses-20141021_obj-1a5sqoc_behavior+icephys+ogen.nwb,anm244028,7,6,3.0,0.08702070672619984,0.3470497208625078
sub-anm244028/sub-anm244028_ses-20141021_obj-1a5sqoc_behavior+icephys+ogen.nwb,anm244028,8,3,1.6666666666666667,-0.9583637586171915,-0.9008797316948968
sub-anm244028/sub-anm244028_ses-20141021_obj-1a5sqoc_behavior+icephys+ogen.nwb,anm244028,9,9,3.3333333333333335,0.6693441563482395,0.7855621881697912
sub-anm244028/sub-anm244028_ses-20141021_obj-1a5sqoc_behavior+icephys+ogen.nwb,anm244028,10,13,2.5384615384615383,0.025308577653100368,0.013922929751176141
sub-anm244028/sub-anm244028_ses-20141021_obj-1a5sqoc_behavior+icephys+ogen.nwb,anm244028,11,8,2.25,-0.26346868071620183,-0.31510416903018534
sub-anm244028/sub-anm244028_ses-20141022_behavior+icephys+ogen.nwb,anm244028,0,3,0.3333333333333333,-0.0592423182530167,-0.009799884166809289
sub-anm244028/sub-anm244028_ses-20141022_behavior+icephys+ogen.nwb,anm244028,1,3,0.0,-0.6912561822565976,-0.8183833000877657
sub-anm244028/sub-anm244028_ses-20141022_behavior+icephys+ogen.nwb,anm244028,2,3,1.3333333333333333,1.436346486229211,1.378546095830752
sub-anm244028/sub-anm244028_ses-20141022_behavior+icephys+ogen.nwb,anm244028,3,7,0.5714285714285714,0.3532399572913433,0.2543316671616164
sub-anm244028/sub-anm244028_ses-20141022_behavior+icephys+ogen.nwb,anm244028,4,31,0.45161290322580644,0.13698781286142578,0.0718425179934837
sub-anm244028/sub-anm244028_ses-20141022_behavior+icephys+ogen.nwb,anm244028,5,15,0.3333333333333333,-0.07037964394214453,-0.08599604331809094
sub-anm244028/sub-anm244028_ses-20141022_behavior+icephys+ogen.nwb,anm244028,6,2,0.0,-0.5306566792687357,-0.5919234565295126
sub-anm244028/sub-anm244028_ses-20141022_behavior+icephys+ogen.nwb,anm244028,7,3,0.3333333333333333,-0.10031444032104948,0.05011987399030141
sub-anm244028/sub-anm244028_ses-20141022_behavior+icephys+ogen.nwb,anm244028,8,6,0.16666666666666666,-0.3722466916271843,-0.24513983901311576
sub-anm244028/sub-anm244028_ses-20141022_behavior+icephys+ogen.nwb,anm244028,9,4,0.5,0.15030070777847887,0.3032683825900351
sub-anm244028/sub-anm244028_ses-20141022_behavior+icephys+ogen.nwb,anm244028,10,8,0.125,-0.37224226448413134,-0.2709206357550462
sub-anm244028/sub-anm244028_ses-20141022_behavior+icephys+ogen.nwb,anm244028,11,4,0.0,-0.5483998604792817,-0.4201993472355905
sub-anm266945/sub-anm266945_ses-20141221_behavior+icephys+ogen.nwb,anm266945,0,2,2.0,0.5213153588447585,0.4770220482674735
sub-anm266945/sub-anm266945_ses-20141221_behavior+icephys+ogen.nwb,anm266945,2,4,3.0,0.8927828671077218,1.0816599086376852
sub-anm266945/sub-anm266945_ses-20141221_behavior+icephys+ogen.nwb,anm266945,3,45,1.3333333333333333,-0.2656027249810654,-0.2131109832508745
sub-anm266945/sub-anm266945_ses-20141221_behavior+icephys+ogen.nwb,anm266945,4,58,1.5517241379310345,-0.11189361367872912,-0.07240259437888537
sub-anm266945/sub-anm266945_ses-20141221_behavior+icephys+ogen.nwb,anm266945,5,62,1.6129032258064515,-0.004369235119567302,0.037962279080228103
sub-anm266945/sub-anm266945_ses-20141221_behavior+icephys+ogen.nwb,anm266945,6,23,1.3478260869565217,-0.19022589257779157,-0.13558000816270657
sub-anm266945/sub-anm266945_ses-20141221_behavior+icephys+ogen.nwb,anm266945,7,8,3.0,0.77253713961392,0.7613122444056881
sub-anm266945/sub-anm266945_ses-20141221_behavior+icephys+ogen.nwb,anm266945,8,4,2.75,0.5241685630397611,0.9740823267413667
sub-anm266945/sub-anm266945_ses-20141221_behavior+icephys+ogen.nwb,anm266945,9,8,2.375,0.6931147100371389,0.6035708338107496
sub-anm266945/sub-anm266945_ses-20141221_behavior+icephys+ogen.nwb,anm266945,10,22,2.0454545454545454,0.4152721957113434,0.25784455010411844
sub-anm266945/sub-anm266945_ses-20141221_behavior+icephys+ogen.nwb,anm266945,11,7,0.8571428571428571,-0.7410502771818457,-0.7480695461682857
sub-anm266945/sub-anm266945_ses-20141222_obj-14qffnp_behavior+icephys+ogen.nwb,anm266945,0,4,0.5,-0.574847531000666,-0.0747329206112505
sub-anm266945/sub-anm266945_ses-20141222_obj-14qffnp_behavior+icephys+ogen.nwb,anm266945,2,3,0.3333333333333333,-0.7065114852532597,-0.34023550487685644
sub-anm266945/sub-anm266945_ses-20141222_obj-14qffnp_behavior+icephys+ogen.nwb,anm266945,3,8,1.5,0.1659229404500639,0.17873184808197537
sub-anm266945/sub-anm266945_ses-20141222_obj-14qffnp_behavior+icephys+ogen.nwb,anm266945,4,155,0.6709677419354839,-0.07283966640612524,-0.08980355903840616
sub-anm266945/sub-anm266945_ses-20141222_obj-14qffnp_behavior+icephys+ogen.nwb,anm266945,5,150,1.5466666666666666,0.1311552337540848,0.08749946409737135
sub-anm266945/sub-anm266945_ses-20141222_obj-14qffnp_behavior+icephys+ogen.nwb,anm266945,6,43,1.255813953488372,0.042695519811389034,0.029975518461007322
sub-anm266945/sub-anm266945_ses-20141222_obj-14qffnp_behavior+icephys+ogen.nwb,anm266945,7,5,0.6,-0.46096646337216524,-0.12705462103948115
sub-anm266945/sub-anm266945_ses-20141222_obj-14qffnp_behavior+icephys+ogen.nwb,anm266945,8,1,0.0,-0.3909280503412378,-0.18695099056851647
sub-anm266945/sub-anm266945_ses-20141222_obj-14qffnp_behavior+icephys+ogen.nwb,anm266945,9,3,0.0,-0.47928095556992706,-0.18783552533446335
sub-anm266945/sub-anm266945_ses-20141222_obj-14qffnp_behavior+icephys+ogen.nwb,anm266945,10,4,0.75,-0.47194492449732073,0.04764876412332439
sub-anm266945/sub-anm266945_ses-20141222_obj-14qffnp_behavior+icephys+ogen.nwb,anm266945,11,2,0.0,-0.7449836512063708,-0.4218291933063043
sub-anm266945/sub-anm266945_ses-20141222_obj-1574tgg_behavior+icephys+ogen.nwb,anm266945,0,5,0.0,-0.46624125175950815,-0.38293587509453114
sub-anm266945/sub-anm266945_ses-20141222_obj-1574tgg_behavior+icephys+ogen.nwb,anm266945,1,5,1.4,0.8788045902294016,0.952626237206346
sub-anm266945/sub-anm266945_ses-20141222_obj-1574tgg_behavior+icephys+ogen.nwb,anm266945,2,4,0.0,-0.3938342262314457,-0.32797074936965503
sub-anm266945/sub-anm266945_ses-20141222_obj-1574tgg_behavior+icephys+ogen.nwb,anm266945,3,1,0.0,-0.3077044555387072,-0.33342992396558224
sub-anm266945/sub-anm266945_ses-20141222_obj-1574tgg_behavior+icephys+ogen.nwb,anm266945,4,40,0.4,-0.03161913492955755,-0.06526136966116688
sub-anm266945/sub-anm266945_ses-20141222_obj-1574tgg_behavior+icephys+ogen.nwb,anm266945,5,30,0.6666666666666666,0.059266398002037736,-0.021704091661106244
sub-anm266945/sub-anm266945_ses-20141222_obj-1574tgg_behavior+icephys+ogen.nwb,anm266945,6,7,0.42857142857142855,-0.08292173818185569,-0.1729478791157168
sub-anm266945/sub-anm266945_ses-20141222_obj-1574tgg_behavior+icephys+ogen.nwb,anm266945,7,1,6.0,4.791746281404463,4.44657765976344
sub-anm266945/sub-anm266945_ses-20141222_obj-1574tgg_behavior+icephys+ogen.nwb,anm266945,8,1,0.0,-0.7875649097866807,-0.5461268787320996
sub-anm266945/sub-anm266945_ses-20141222_obj-1574tgg_behavior+icephys+ogen.nwb,anm266945,9,6,0.3333333333333333,-0.03834934132908835,0.07922917996840889
sub-anm266945/sub-anm266945_ses-20141222_obj-1574tgg_behavior+icephys+ogen.nwb,anm266945,10,6,0.3333333333333333,-0.16036894841559549,-0.019393894076957695
sub-anm266945/sub-anm266945_ses-20141222_obj-1574tgg_behavior+icephys+ogen.nwb,anm266945,11,5,0.2,-0.6500754211174002,-0.42823779334437295
sub-jf35892/sub-jf35892_ses-20100219_behavior+icephys.nwb,jf35892,0,12,0.08333333333333333,-0.29782146749217736,-0.31273746042813516
sub-jf35892/sub-jf35892_ses-20100219_behavior+icephys.nwb,jf35892,1,8,0.0,-0.38585305232548434,-0.3706774071549058
sub-jf35892/sub-jf35892_ses-20100219_behavior+icephys.nwb,jf35892,2,23,0.08695652173913043,-0.34867316293551154,-0.2663438308665995
sub-jf35892/sub-jf35892_ses-20100219_behavior+icephys.nwb,jf35892,3,37,0.16216216216216217,-0.282833961331132,-0.20184146351570692
sub-jf35892/sub-jf35892_ses-20100219_behavior+icephys.nwb,jf35892,4,105,0.12380952380952381,-0.2854506133499796,-0.22557494522066218
sub-jf35892/sub-jf35892_ses-20100219_behavior+icephys.nwb,jf35892,5,38,0.9210526315789473,0.2785940196187102,0.31974621009167903
sub-jf35892/sub-jf35892_ses-20100219_behavior+icephys.nwb,jf35892,6,4,1.0,0.1808356727051814,0.24736532301506942
sub-jf35892/sub-jf35892_ses-20100219_behavior+icephys.nwb,jf35892,7,5,0.4,-0.035402086781348804,-0.07206177917739162
sub-jf35892/sub-jf35892_ses-20100219_behavior+icephys.nwb,jf35892,8,17,1.0,0.3898931542040363,0.250939103617137
sub-jf35892/sub-jf35892_ses-20100219_behavior+icephys.nwb,jf35892,9,21,0.6666666666666666,0.026596524020232708,-0.13616227463574498
sub-jf35892/sub-jf35892_ses-20100219_behavior+icephys.nwb,jf35892,10,39,2.1538461538461537,1.024957956391666,0.8743163263345073
sub-jf35892/sub-jf35892_ses-20100219_behavior+icephys.nwb,jf35892,11,15,0.6,-0.09825952869092723,-0.2625596340344631
sub-jf35892/sub-jf35892_ses-20100308_behavior+icephys.nwb,jf35892,0,8,0.25,-0.4813169430520434,-0.4257566726410814
sub-jf35892/sub-jf35892_ses-20100308_behavior+icephys.nwb,jf35892,1,9,0.5555555555555556,0.03909340021606105,0.08068607177213069
sub-jf35892/sub-jf35892_ses-20100308_behavior+icephys.nwb,jf35892,2,27,0.5185185185185185,-0.06281448331334254,-0.03638605397429849
sub-jf35892/sub-jf35892_ses-20100308_behavior+icephys.nwb,jf35892,3,86,0.6162790697674418,0.09562129118357497,0.0958693273532102
sub-jf35892/sub-jf35892_ses-20100308_behavior+icephys.nwb,jf35892,4,132,0.7651515151515151,0.2327724785710706,0.173353223751318
sub-jf35892/sub-jf35892_ses-20100308_behavior+icephys.nwb,jf35892,5,51,0.6078431372549019,-0.05950648365516729,-0.10257825513984012
sub-jf35892/sub-jf35892_ses-20100308_behavior+icephys.nwb,jf35892,6,14,0.14285714285714285,-0.6022630294195996,-0.5941716765699135
sub-jf35892/sub-jf35892_ses-20100308_behavior+icephys.nwb,jf35892,7,26,0.2692307692307692,-0.40280954320675255,-0.3292947010823041
sub-jf35892/sub-jf35892_ses-20100308_behavior+icephys.nwb,jf35892,8,73,0.5068493150684932,-0.017108818677997455,0.01748351997758422
sub-jf35892/sub-jf35892_ses-20100308_behavior+icephys.nwb,jf35892,9,55,0.4909090909090909,-0.04568261772710617,-0.006783050838702128
sub-jf35892/sub-jf35892_ses-20100308_behavior+icephys.nwb,jf35892,10,39,0.5384615384615384,-0.06988017946756761,-0.033452303728718775
sub-jf35892/sub-jf35892_ses-20100308_behavior+icephys.nwb,jf35892,11,6,0.16666666666666666,-0.5922033577260852,-0.5276055489039063
sub-jf35892/sub-jf35892_ses-20100310_behavior+icephys.nwb,jf35892,0,8,0.625,0.4554867063475506,0.5149153860821678
sub-jf35892/sub-jf35892_ses-20100310_behavior+icephys.nwb,jf35892,1,7,0.0,-0.358477964108409,-0.3572329618664725
sub-jf35892/sub-jf35892_ses-20100310_behavior+icephys.nwb,jf35892,2,23,0.391304347826087,0.17847823158757692,0.16957016255262577
sub-jf35892/sub-jf35892_ses-20100310_behavior+icephys.nwb,jf35892,3,75,0.5866666666666667,0.49671248893398334,0.4434347760547292
sub-jf35892/sub-jf35892_ses-20100310_behavior+icephys.nwb,jf35892,4,144,0.3263888888888889,0.10299169444243372,0.06363123428461573
sub-jf35892/sub-jf35892_ses-20100310_behavior+icephys.nwb,jf35892,5,72,0.1111111111111111,-0.24925413411105465,-0.26231941360510524
sub-jf35892/sub-jf35892_ses-20100310_behavior+icephys.nwb,jf35892,6,18,0.0,-0.40615212733591866,-0.3443983917195912
sub-jf35892/sub-jf35892_ses-20100310_behavior+icephys.nwb,jf35892,7,25,0.0,-0.37385797197776344,-0.2782036535940847
sub-jf35892/sub-jf35892_ses-20100310_behavior+icephys.nwb,jf35892,8,24,0.0,-0.4071172100009061,-0.3028617389959129
sub-jf35892/sub-jf35892_ses-20100310_behavior+icephys.nwb,jf35892,9,24,0.125,-0.23601258881816947,-0.16667178855586914
sub-jf35892/sub-jf35892_ses-20100310_behavior+icephys.nwb,jf35892,10,18,0.1111111111111111,-0.30985536463500146,-0.20277577201934993
sub-jf35892/sub-jf35892_ses-20100310_behavior+icephys.nwb,jf35892,11,6,0.16666666666666666,-0.1593823027015976,-0.07590960718253527
sub-jf37166/sub-jf37166_ses-20100304_behavior+icephys.nwb,jf37166,0,1,0.0,-0.7225493662956004,-0.8397561065847942
sub-jf37166/sub-jf37166_ses-20100304_behavior+icephys.nwb,jf37166,1,1,0.0,-0.5541066027052001,-0.5506453468041407
sub-jf37166/sub-jf37166_ses-20100304_behavior+icephys.nwb,jf37166,2,2,0.0,-0.6205619537334549,-0.5955695376151248
sub-jf37166/sub-jf37166_ses-20100304_behavior+icephys.nwb,jf37166,3,28,0.25,-0.2608394104088118,-0.2399594527067526
sub-jf37166/sub-jf37166_ses-20100304_behavior+icephys.nwb,jf37166,4,119,0.3949579831932773,-0.09817273545823701,-0.08757116197706062
sub-jf37166/sub-jf37166_ses-20100304_behavior+icephys.nwb,jf37166,5,80,0.7375,0.2629094329259599,0.25679353614913103
sub-jf37166/sub-jf37166_ses-20100304_behavior+icephys.nwb,jf37166,6,11,0.8181818181818182,0.3622238388412431,0.3353131666264644
sub-jf37166/sub-jf37166_ses-20100304_behavior+icephys.nwb,jf37166,7,2,0.5,-0.13500726028416596,-0.2832170520637419
sub-jf37166/sub-jf37166_ses-20100304_behavior+icephys.nwb,jf37166,8,3,0.3333333333333333,-0.4275344096424054,-0.4861236398153366
sub-jf37166/sub-jf37166_ses-20100304_behavior+icephys.nwb,jf37166,9,4,0.25,-0.41066076248744654,-0.4552758815174248
